CLAVE,irs_value,i_sdsalud,irs_wave
1001,-1.365841,14.156,2015
1002,-0.8839154,5.5355,2015
1003,-0.9794567,9.7524,2015
1004,-1.062688,5.1165,2015
1005,-1.18862,13.8341,2015
1006,-1.19741,10.0661,2015
1007,-1.132335,10.3999,2015
1008,-0.9908752,5.643,2015
1009,-0.9574581,8.1717,2015
1010,-0.7765682,8.5898,2015
1011,-1.177992,11.7363,2015
2001,-0.9831591,13.8378,2015
2002,-1.337319,15.4809,2015
2003,-1.096466,11.4612,2015
2004,-1.262087,21.1988,2015
2005,-1.039314,19.1897,2015
3001,-0.7766185,8.9356,2015
3002,-0.6348971,8.6919,2015
3003,-1.235326,12.6713,2015
3008,-0.9263267,16.8373,2015
3009,-0.895973,10.4008,2015
4001,-0.4427705,10.1739,2015
4002,-1.236793,9.974,2015
4003,-0.9792122,16.3083,2015
4004,-0.4661751,10.8761,2015
4005,-0.4039769,14.9856,2015
4006,0.2156605,13,2015
4007,-0.4700037,4.7152,2015
4008,-0.3995039,5.6259,2015
4009,-0.4276769,8.3941,2015
4010,0.5419523,7.6625,2015
4011,0.6112309,11.5272,2015
5001,-1.124767,12.4138,2015
5002,-1.165139,10.7111,2015
5003,-1.345584,7.076,2015
5004,-0.9384407,16.325,2015
5005,-0.8779759,17.1512,2015
5006,-1.217772,8.5293,2015
5007,-0.7670898,4.7468,2015
5008,-0.9391384,15.9571,2015
5009,-1.032963,12.0631,2015
5010,-1.35771,9.4344,2015
5011,-0.798062,6.5111,2015
5012,-0.7877843,21.0961,2015
5013,-0.9170824,36.23,2015
5014,-0.500865,16.1964,2015
5015,-1.017836,9.7205,2015
5016,-1.163064,10.2087,2015
5017,-1.114937,19.5539,2015
5018,-1.458383,10.0438,2015
5019,-1.223348,7.3497,2015
5020,-1.101559,7.1199,2015
5021,-1.269309,7.4841,2015
5022,-1.166449,9.411,2015
5023,-0.5911992,11.7642,2015
5024,-0.9899291,9.4399,2015
5025,-1.282565,13.4497,2015
5026,-0.9697375,10.2603,2015
5027,-1.33646,11.4071,2015
5028,-1.306582,8.4648,2015
5029,-1.141362,11.3136,2015
5030,-1.459911,13.1141,2015
5031,-1.431665,12.0575,2015
5032,-1.286556,5.186,2015
5033,-0.9327253,12.683,2015
5034,-0.9906232,10.3606,2015
5035,-1.398126,21.0874,2015
5036,-0.6483,18.4556,2015
5037,-1.137138,9.7292,2015
5038,-1.098152,10.9753,2015
6001,-0.5065486,7.0171,2015
6002,-1.254225,13.66,2015
6003,-0.7822487,11.3535,2015
6004,-0.8544053,9.9663,2015
6005,-1.132027,6.8779,2015
6006,-0.6177498,3.2205,2015
6007,-1.143355,13.4187,2015
6008,-0.8336991,5.9989,2015
6009,-0.5466334,11.5325,2015
6010,-1.412324,12.6108,2015
7001,-0.0931324,17.6031,2015
7002,-0.0655516,9.2763,2015
7003,0.1864554,20.518,2015
7004,1.610056,15.4569,2015
7005,1.227605,4.7809,2015
7006,0.2149549,11.0731,2015
7007,2.067804,16.7759,2015
7008,0.4440958,10.5461,2015
7009,-0.4703591,13.504,2015
7010,0.9410661,7.0056,2015
7011,0.5809582,5.6896,2015
7012,0.0919942,23.8892,2015
7013,0.5045366,14.0526,2015
7014,1.288378,15.5136,2015
7015,-0.1038334,23.3803,2015
7016,0.0222447,7.7762,2015
7017,-0.2421246,15.6201,2015
7018,0.5013348,8.9468,2015
7019,-0.141032,13.6659,2015
7020,0.5014598,11.8263,2015
7021,0.0793259,11.6193,2015
7022,3.510462,16.6637,2015
7023,2.67514,20.627,2015
7024,2.30723,4.8272,2015
7025,0.5619064,11.1068,2015
7026,2.486086,19.1611,2015
7027,-0.3805625,18.0078,2015
7028,0.2562161,9.4253,2015
7029,-0.3910374,13.22,2015
7030,0.3701836,11.4638,2015
7031,2.130635,16.3954,2015
7032,0.0005922,17.997,2015
7033,0.6382803,10.8748,2015
7034,-0.0324868,17.6439,2015
7035,0.1370546,24.3202,2015
7036,0.6378012,10.8828,2015
7037,0.2873737,22.9774,2015
7038,1.709217,8.0804,2015
7039,1.401355,6.9912,2015
7040,-0.0560829,21.7496,2015
7041,0.8566689,6.8566,2015
7042,0.2964882,5.9161,2015
7043,0.316883,19.1422,2015
7044,0.383158,13.9422,2015
7045,0.6088049,6.9836,2015
7046,-0.1208607,14.5874,2015
7047,0.5846514,28.8994,2015
7048,-0.3072451,11.6954,2015
7049,1.409879,12.4241,2015
7050,-0.3354157,38.2096,2015
7051,-0.1380946,21.3261,2015
7052,1.630467,14.8753,2015
7053,0.1901199,9.6538,2015
7054,0.3794031,15.4041,2015
7055,-0.3486876,25.7705,2015
7056,2.827205,9.8186,2015
7057,0.098087,17.338,2015
7058,0.3630776,7.9305,2015
7059,1.391229,17.0115,2015
7060,1.584553,15.0943,2015
7061,0.2380497,20.8191,2015
7062,0.3580237,7.3753,2015
7063,-0.4332246,15.9967,2015
7064,2.844589,11.2538,2015
7065,0.0938519,16.4822,2015
7066,2.647637,17.0233,2015
7067,1.048603,9.1546,2015
7068,-0.0671034,10.0363,2015
7069,-0.0213769,22.5633,2015
7070,0.4315075,2.691,2015
7071,0.2177665,19.8267,2015
7072,1.171873,9.1604,2015
7073,0.7715193,7.3919,2015
7074,-0.8966529,15.7746,2015
7075,1.245437,10.8312,2015
7076,1.530645,8.3206,2015
7077,0.9626971,12.7809,2015
7078,-0.2878748,26.097,2015
7079,0.1005947,17.3324,2015
7080,0.5462962,6.5413,2015
7081,1.498185,14.6947,2015
7082,3.479643,13.0526,2015
7083,0.1896483,11.9586,2015
7084,0.525436,6.6568,2015
7085,0.1660775,3.6331,2015
7086,-0.2809784,14.0588,2015
7087,0.3521114,33.8377,2015
7088,0.2436631,6.3951,2015
7089,-0.641123,24.6177,2015
7090,0.5336048,11.7218,2015
7091,-0.0887672,4.7334,2015
7092,0.3752988,13.3325,2015
7093,1.684412,8.7927,2015
7094,1.248735,15.5924,2015
7096,1.472198,16.925,2015
7097,-0.4700334,14.6303,2015
7098,0.7494017,11.0653,2015
7099,0.6210275,12.6383,2015
7100,1.741653,13.7502,2015
7101,-1.081858,23.039,2015
7102,0.0266746,20.0799,2015
7103,0.0873669,20.9605,2015
7104,0.2326338,7.3453,2015
7105,-0.0131677,19.101,2015
7106,0.3029624,13.835,2015
7107,0.2323352,14.9285,2015
7108,-0.2279344,15.0096,2015
7109,1.416208,16.7446,2015
7110,0.7002825,5.1097,2015
7111,2.143315,16.1096,2015
7112,2.908285,11.9039,2015
7113,1.532575,12.3659,2015
7114,0.6018122,21.0617,2015
7115,1.773989,10.4751,2015
7116,0.9930828,14.9773,2015
7117,0.4536911,8.0838,2015
7118,1.252224,26.2638,2015
7119,1.806919,1.9273,2015
8001,-0.9385712,8.7683,2015
8002,-1.226442,6.4335,2015
8003,-1.108572,15.0154,2015
8004,-1.291968,6.1549,2015
8005,-0.8206507,19.7348,2015
8006,-0.7891348,8.3658,2015
8007,2.512626,25.4517,2015
8008,5.124574,12.8178,2015
8009,1.28151,14.8339,2015
8011,-1.262555,7.7542,2015
8013,-0.9464824,11.0654,2015
8014,-1.066532,7.5859,2015
8015,-0.368908,13.4204,2015
8016,-1.168065,10.1269,2015
8017,-1.13479,11.8802,2015
8018,-0.3619526,9.926,2015
8019,-1.494432,7.8783,2015
8020,1.415463,12.7316,2015
8021,-1.402168,9.8504,2015
8022,-0.7986715,8.7515,2015
8023,-0.6692392,22.7703,2015
8025,-1.069095,2.4368,2015
8026,-0.709034,6.3666,2015
8027,2.641931,11.7996,2015
8028,-0.9801828,10.9067,2015
8029,2.625292,16.2391,2015
8030,1.606365,5.9362,2015
8031,-0.3324732,9.7584,2015
8032,-1.314828,7.7929,2015
8033,-0.5592893,4.3067,2015
8034,-0.949994,4.5632,2015
8035,-0.5734026,14.6528,2015
8036,-1.200412,4.9627,2015
8037,-1.330043,14.1728,2015
8038,-0.9308206,9.982,2015
8039,-1.073581,5.6401,2015
8040,-0.5544789,5.2509,2015
8041,2.304326,12.1783,2015
8042,-0.4186822,11.618,2015
8043,-0.8185963,6.6869,2015
8044,-0.9844029,6.0627,2015
8045,-1.123224,9.9079,2015
8046,2.732383,24.9711,2015
8047,0.6408702,10.4843,2015
8048,-0.9047552,10.2774,2015
8049,0.0556566,5.2448,2015
8050,-1.335286,11.0011,2015
8051,0.1216298,22.4997,2015
8052,-1.11471,17.4465,2015
8053,-0.8625374,9.5516,2015
8054,0.0186834,12.9251,2015
8055,-1.075504,10.0911,2015
8056,-0.513617,13.33,2015
8057,-0.3730474,6.0861,2015
8058,-1.181307,2.7114,2015
8059,-1.02386,2.8313,2015
8060,-1.268758,4.0108,2015
8061,-0.8132491,5.698,2015
8062,-1.244887,8.7447,2015
8064,-0.2878928,6.0695,2015
8066,2.231812,4.7424,2015
8067,-0.7563466,7.8669,2015
9002,-1.471556,15.491,2015
9003,-1.613061,19.8718,2015
9004,-1.43932,19.6789,2015
9005,-1.426772,20.2898,2015
9006,-1.565754,21.1263,2015
9007,-1.379902,23.791,2015
9008,-1.363222,19.186,2015
9009,-0.9052242,18.9376,2015
9010,-1.452307,19.6397,2015
9011,-1.337098,16.2271,2015
9012,-1.436944,23.4856,2015
9013,-1.22332,23.2155,2015
9014,-1.68715,17.9344,2015
9015,-1.539947,23.6985,2015
9016,-1.621574,17.4531,2015
9017,-1.492191,18.2979,2015
10001,-0.8377289,13.3934,2015
10002,0.9933539,16.7841,2015
10003,-0.6358238,6.7198,2015
10004,-0.8463122,14.8496,2015
10005,-1.306724,14.8938,2015
10006,-0.495896,13.8378,2015
10007,-1.239444,16.9405,2015
10008,-1.072253,22.3007,2015
10009,0.4064282,31.611,2015
10010,-0.9147655,15.086,2015
10011,-0.7873755,16.2979,2015
10012,-1.116505,15.6323,2015
10013,-0.7511687,15.263,2015
10014,4.876622,29.3932,2015
10015,-0.8439455,12.1324,2015
10016,-0.7896768,17.5079,2015
10017,-0.7432137,17.0691,2015
10018,-0.8877437,14.9791,2015
10019,1.017804,26.0167,2015
10020,-1.048702,12.0993,2015
10021,-0.7969157,11.1427,2015
10022,-0.8768257,15.6016,2015
10023,0.2114676,13.8783,2015
10024,-0.8855193,9.547,2015
10025,0.0594423,13.6974,2015
10026,0.2213953,9.9469,2015
10027,-0.3266995,21.1538,2015
10028,-0.8081775,9.5238,2015
10029,-0.9034921,13.4328,2015
10030,-0.9020195,14.479,2015
10031,-0.9565855,13.1612,2015
10032,-0.5741045,14.3125,2015
10033,-0.5033656,12.6439,2015
10034,1.543535,17.0579,2015
10035,0.3655399,11.5552,2015
10036,-0.8492897,14.2476,2015
10037,0.3708376,22.3612,2015
10038,-1.14609,33.8228,2015
10039,-0.8161346,20.5147,2015
11001,-0.4928881,12.7245,2015
11002,-0.8498538,9.7721,2015
11003,-0.4222901,11.424,2015
11004,-0.6742387,12.4067,2015
11005,-0.817982,15.0338,2015
11006,0.8980576,3.3736,2015
11007,-1.190799,19.8034,2015
11008,-0.423173,9.7239,2015
11009,-0.1939307,12.0138,2015
11010,-0.5485561,6.7451,2015
11011,-0.9089783,14.7873,2015
11012,-0.6249884,14.4703,2015
11013,-0.4084205,6.5362,2015
11014,-0.2639463,14.5602,2015
11015,-1.071783,8.0157,2015
11016,-0.712902,5.6937,2015
11017,-1.086095,16.8592,2015
11018,-0.8686318,7.7033,2015
11019,-0.2517668,7.8446,2015
11020,-1.126922,16.4342,2015
11021,-1.03214,21.3272,2015
11022,-0.3109985,9.3336,2015
11023,-0.3810115,14.8735,2015
11024,-0.7432827,12.1799,2015
11025,-0.6676714,13.9803,2015
11026,-0.5654597,7.6287,2015
11027,-1.118362,14.314,2015
11028,-0.6798563,13.9126,2015
11029,0.0574903,7.7039,2015
11030,-0.1453436,9.6429,2015
11031,-0.733319,20.6451,2015
11032,-0.8952593,10.7952,2015
11033,-0.2121655,15.1933,2015
11034,0.2425054,4.4858,2015
11035,-0.4844174,17.6884,2015
11036,-0.732512,8.6313,2015
11037,-0.7844707,9.8551,2015
11038,-0.7559717,10.9416,2015
11039,-0.6186234,8.4202,2015
11040,0.6676318,7.3101,2015
11041,-0.8705399,18.4223,2015
11042,-0.6334018,15.1249,2015
11043,0.295375,5.9952,2015
11044,-0.9935414,11.2613,2015
11045,0.6936868,1.4864,2015
11046,-0.5788955,15.4222,2015
12001,-0.7092314,18.6583,2015
12002,1.516571,10.5779,2015
12003,0.7601472,20.1107,2015
12004,2.085679,10.4089,2015
12005,-0.1031602,11.1311,2015
12006,0.019847,16.3276,2015
12007,-0.2810763,14.0101,2015
12008,0.8615568,11.0984,2015
12009,2.38308,10.2995,2015
12010,2.131547,8.6543,2015
12011,-0.085914,10.6555,2015
12012,1.681597,8.5289,2015
12013,0.5429491,19.7713,2015
12014,-0.2709671,8.6304,2015
12015,-0.7062449,12.8105,2015
12016,1.665238,4.7308,2015
12017,-0.096653,17.3367,2015
12018,0.1141147,9.2841,2015
12019,2.406389,11.079,2015
12020,2.271076,9.2611,2015
12021,0.303511,10.8746,2015
12022,1.039555,21.0451,2015
12023,0.2733679,15.3084,2015
12024,0.8070425,7.2036,2015
12025,0.7860839,11.0265,2015
12026,0.9779578,18.9976,2015
12027,0.4741961,26.0103,2015
12028,1.549808,13.0618,2015
12029,-0.5509499,16.6939,2015
12030,0.176628,12.0738,2015
12031,0.8387593,20.4152,2015
12032,1.565955,12.0514,2015
12033,-0.3342165,7.5031,2015
12034,0.1904361,8.3598,2015
12035,-0.470272,16.9293,2015
12036,0.867525,14.8994,2015
12037,0.5296596,9.1277,2015
12038,-0.6175721,16.4343,2015
12039,-0.1741649,13.0695,2015
12040,0.609462,7.8316,2015
12041,1.624321,11.3469,2015
12042,1.365417,15.9883,2015
12043,2.774915,6.5995,2015
12044,0.036495,8.7986,2015
12045,1.684458,8.7784,2015
12046,0.5978454,16.4959,2015
12047,2.172993,14.3251,2015
12048,-0.2336329,10.7742,2015
12049,-0.2447647,9.9612,2015
12050,-0.5211235,30.4182,2015
12051,0.8755166,6.0569,2015
12052,1.691975,10.7302,2015
12053,0.5202223,11.1772,2015
12054,1.972668,23.0532,2015
12055,-0.3061358,9.6148,2015
12056,0.566779,8.1859,2015
12057,-0.0543895,13.8207,2015
12058,0.4275256,17.0765,2015
12059,0.2565262,12.4846,2015
12060,0.5416957,9.8717,2015
12061,0.2585124,16.3623,2015
12062,2.110918,24.7683,2015
12063,2.713318,6.1417,2015
12064,-0.3615784,20.2032,2015
12065,0.6290115,13.7303,2015
12066,0.5647348,14.3781,2015
12067,-0.1015309,23.9554,2015
12068,-0.0344274,19.0489,2015
12069,1.893042,10.2422,2015
12070,0.3079435,3.7356,2015
12071,2.171339,10.035,2015
12072,2.296711,3.342,2015
12073,0.837549,36.8011,2015
12074,1.819945,9.7839,2015
12075,0.1621536,13.4714,2015
12076,2.913947,7.2896,2015
12077,0.2042718,15.5135,2015
12078,4.178747,14.0427,2015
12079,2.85551,9.9485,2015
12080,0.5454259,19.0998,2015
12081,1.223905,17.1855,2015
13001,-0.1227202,18.9888,2015
13002,0.5840856,18.8377,2015
13003,-0.9014221,21.0689,2015
13004,0.2079358,20.8973,2015
13005,-0.6842025,16.7413,2015
13006,-0.1878266,20.2489,2015
13007,-0.5055307,9.6616,2015
13008,-0.9468266,17.3838,2015
13009,-0.6929112,14.686,2015
13010,-1.083092,17.0771,2015
13011,0.5258214,8.0545,2015
13012,-0.2018106,11.7887,2015
13013,-1.145684,19.653,2015
13014,0.2071013,7.2248,2015
13015,-0.1702985,14.6782,2015
13016,-0.4307103,22.9945,2015
13017,0.1295227,15.2295,2015
13018,0.0502577,9.1023,2015
13019,-0.2746642,22.2137,2015
13020,-0.2439257,7.1991,2015
13021,-1.119167,16.9174,2015
13022,-0.9434798,12.5978,2015
13023,-0.873256,17.9444,2015
13024,-0.3041798,13.1261,2015
13025,0.7422441,7.2679,2015
13026,0.5901184,6.2205,2015
13027,1.501571,9.5848,2015
13028,-0.109192,16.5172,2015
13029,-0.6591742,16.2993,2015
13030,-0.6454449,18.5739,2015
13031,-0.176875,6.1572,2015
13032,0.0401598,12.8448,2015
13033,-0.0768298,10.5534,2015
13034,0.4314584,9.8298,2015
13035,-0.5631815,30.4296,2015
13036,-0.3880707,18.4487,2015
13037,0.0630033,14.5194,2015
13038,0.0390252,9.105,2015
13039,-0.9554944,13.5519,2015
13040,0.8495644,6.5194,2015
13041,-0.8981886,21.2985,2015
13042,-0.2113455,10.4686,2015
13043,0.5723462,15.5454,2015
13044,-0.2369375,13.1392,2015
13045,-0.3462346,10.1287,2015
13046,0.0602074,7.1498,2015
13047,0.1043666,8.4452,2015
13048,-1.333193,20.0624,2015
13049,0.567482,6.5711,2015
13050,-1.01274,23.5853,2015
13051,-1.392476,18.1733,2015
13052,-0.7763282,19.4878,2015
13053,1.27173,3.9556,2015
13054,-0.6870782,12.7493,2015
13055,-0.4863145,10.8619,2015
13056,-0.9382286,27.2874,2015
13057,-0.2188432,22.5685,2015
13058,-0.3778802,22.2215,2015
13059,-0.1355446,10.8218,2015
13060,0.3472468,5.3927,2015
13061,-1.251639,17.9335,2015
13062,1.203454,7.2032,2015
13063,-0.910641,15.7602,2015
13064,-0.5003273,19.0999,2015
13065,-0.8316571,17.2488,2015
13066,-0.9619839,24.2568,2015
13067,-0.4967774,19.3345,2015
13068,0.8812128,14.5351,2015
13069,-1.28381,21.8683,2015
13070,-0.7735267,25.0606,2015
13071,0.4273822,8.0281,2015
13072,-1.191639,8.1512,2015
13073,0.5191222,4.0078,2015
13074,-0.7801325,18.4065,2015
13075,-1.12055,17.1637,2015
13076,-1.106878,14.7361,2015
13077,-0.9233994,27.5963,2015
13078,1.489781,5.4526,2015
13079,-0.0157635,9.2266,2015
13080,1.343269,6.168,2015
13081,-0.5664063,24.7206,2015
13082,-0.9846331,17.4792,2015
13083,-1.026543,21.9691,2015
13084,-0.4676212,21.6636,2015
14001,-0.7580254,18.0307,2015
14002,-1.117531,11.163,2015
14003,-1.24455,13.8516,2015
14004,-0.9206743,15.3389,2015
14005,-1.248827,20.086,2015
14006,-1.105196,13.6585,2015
14007,-1.005789,5.9979,2015
14008,-0.9285308,23.9639,2015
14009,-1.161789,13.2412,2015
14010,-0.2895016,8.0095,2015
14011,-0.4949898,9.5525,2015
14012,-0.9783561,16.5427,2015
14013,-0.8977917,10.9011,2015
14014,-0.5639753,9.4143,2015
14015,-1.054464,13.5855,2015
14016,-0.7221317,27.2766,2015
14017,-0.8337294,12.8804,2015
14018,-0.9668419,13.5839,2015
14019,2.452286,5.9256,2015
14020,-0.5003428,12.113,2015
14021,-0.7635138,8.3256,2015
14022,-0.7737208,15.155,2015
14023,-1.274502,12.5523,2015
14024,-1.029238,10.3758,2015
14025,-1.136348,9.9468,2015
14026,-0.6981196,13.8798,2015
14027,0.5883358,3.7766,2015
14028,-0.7079951,10.8019,2015
14029,-0.4828779,13.3259,2015
14030,-1.1877,28.8581,2015
14031,0.8050749,4.6704,2015
14032,-0.4673315,11.8486,2015
14033,-0.7540129,32.9112,2015
14034,-0.8640238,5.8002,2015
14035,-0.8905034,17.3579,2015
14036,-1.176979,10.5759,2015
14037,-1.18293,13.8532,2015
14038,-0.7315519,9.7275,2015
14039,-1.442896,22.304,2015
14040,-0.6188949,8.4725,2015
14041,-0.9231121,16.7939,2015
14042,-0.200843,8.4101,2015
14043,-0.7542907,10.0395,2015
14044,-1.107439,21.1085,2015
14045,-0.6916854,18.3482,2015
14046,-0.8986495,27.7289,2015
14047,-1.038749,15.1012,2015
14048,-0.5471646,32.5543,2015
14049,-0.1925844,13.6634,2015
14050,-0.7687197,24.8791,2015
14051,-1.155429,15.3773,2015
14052,-0.8509462,19.1557,2015
14053,-0.9284091,13.7392,2015
14054,-1.048492,8.5518,2015
14055,-0.9507633,9.9678,2015
14056,0.3570381,4.9803,2015
14057,-0.9258421,17.9501,2015
14058,-0.9709349,10.976,2015
14059,-0.7477857,17.3129,2015
14060,-0.713073,13.011,2015
14061,3.070356,10.1172,2015
14062,-0.781023,8.7918,2015
14063,-1.097925,18.9431,2015
14064,-0.5601218,8.3939,2015
14065,-0.5055282,9.6944,2015
14066,-0.6245239,14.0632,2015
14067,-1.259618,18.5278,2015
14068,-0.3907551,10.7343,2015
14069,-0.2886827,21.6255,2015
14070,-1.04494,20.6349,2015
14071,-0.5109688,9.4642,2015
14072,-0.6386861,12.4235,2015
14073,-1.025518,18.4396,2015
14074,-0.9464551,23.1844,2015
14075,-1.067132,8.221,2015
14076,-0.3603974,4.9327,2015
14077,-1.027204,16.222,2015
14078,-0.8600734,23.0734,2015
14079,-0.7905591,10.6878,2015
14080,-0.7611597,5.9366,2015
14081,-0.7229808,8.2756,2015
14082,-1.045539,12.5836,2015
14083,-1.072271,15.2168,2015
14084,-0.7773854,9.6324,2015
14085,-0.8388487,7.6258,2015
14086,-0.4701861,10.9095,2015
14087,-0.5948291,8.9692,2015
14088,-0.9925845,11.4388,2015
14089,-0.8734643,6.6433,2015
14090,-0.9998243,11.1206,2015
14091,-0.8464671,17.3361,2015
14092,-0.6925719,8.9852,2015
14093,-1.090205,18.3411,2015
14094,-1.074754,17.3344,2015
14095,-1.097145,10.8868,2015
14096,-0.6974357,20.271,2015
14097,-1.257641,18.7474,2015
14098,-1.171467,21.9182,2015
14099,-0.2925063,7.8079,2015
14100,-0.4925261,9.6639,2015
14101,-1.207849,23.225,2015
14102,-1.065302,12.5503,2015
14103,-0.8992155,8.3091,2015
14104,-0.6979761,12.2847,2015
14105,-0.8673595,14.9152,2015
14106,-0.3513334,6.219,2015
14107,-0.903214,18.3723,2015
14108,-0.9302138,14.8719,2015
14109,-0.640444,18.3422,2015
14110,-1.047068,13.3274,2015
14111,-1.020788,17.9665,2015
14112,-0.8971726,27.185,2015
14113,-0.673475,10.8165,2015
14114,-0.9226609,10.1268,2015
14115,0.01465,12.1285,2015
14116,-1.043157,34.6448,2015
14117,-0.5590492,14.0146,2015
14118,-0.7956593,14.1504,2015
14119,-0.7870759,14.4833,2015
14120,-1.372917,17.4088,2015
14121,-1.054608,16.0706,2015
14122,-0.0831524,7.4854,2015
14123,-0.7438145,18.1244,2015
14124,-0.8893386,31.6569,2015
14125,-0.7667049,24.6781,2015
15001,0.2992901,12.5981,2015
15002,-1.077178,20.5021,2015
15003,0.0603152,9.4521,2015
15004,-0.0248717,6.4866,2015
15005,-0.1333232,12.6994,2015
15006,-0.8255798,15.5402,2015
15007,0.198318,5.6427,2015
15008,0.0713793,4.1375,2015
15009,-0.9771646,17.4819,2015
15010,-1.079722,24.4284,2015
15011,-0.9985568,19.6483,2015
15012,-0.8580622,13.2126,2015
15013,-1.376183,24.5561,2015
15014,-0.5460954,11.9176,2015
15015,-0.3614574,19.0112,2015
15016,-0.7416348,10.9351,2015
15017,-0.9997671,13.7889,2015
15018,-1.04163,20.695,2015
15019,-1.035034,23.4737,2015
15020,-1.61745,19.9236,2015
15021,-0.0663799,9.324,2015
15022,-1.025243,16.0608,2015
15023,-0.9753537,24.6281,2015
15024,-1.579309,16.0301,2015
15025,-1.016436,25.6234,2015
15026,-0.0278988,8.0809,2015
15027,-1.216853,10.8636,2015
15028,-1.087494,20.0898,2015
15029,-1.346747,25.9839,2015
15030,-1.080719,34.2677,2015
15031,-0.9597002,24.8462,2015
15032,1.061268,9.7353,2015
15033,-1.36103,26.1432,2015
15034,-0.277863,11.2173,2015
15035,-1.325276,16.2049,2015
15036,-0.7014247,25.0228,2015
15037,-1.413708,20.5609,2015
15038,-0.7144669,17.9771,2015
15039,-1.146567,23.9937,2015
15040,-0.3740294,6.3934,2015
15041,0.9664027,3.0629,2015
15042,0.0658002,9.1602,2015
15043,-0.4677931,23.2653,2015
15044,-1.290944,14.3576,2015
15045,-0.2418506,10.188,2015
15046,-0.8595911,14.9161,2015
15047,-0.0973861,9.8905,2015
15048,-0.4325489,11.2052,2015
15049,-0.348096,6.3434,2015
15050,-0.5622265,14.0313,2015
15051,-0.9335827,14.1708,2015
15052,-0.2428082,11.9278,2015
15053,-1.175956,21.8033,2015
15054,-1.386938,18.0088,2015
15055,-0.9992059,28.6965,2015
15056,0.5706424,9.0952,2015
15057,-1.327141,21.579,2015
15058,-1.339482,25.3069,2015
15059,-1.026862,23.7584,2015
15060,-1.111025,20.5541,2015
15061,-0.9287571,7.6228,2015
15062,-1.013983,18.5768,2015
15063,-0.2026139,13.0753,2015
15064,-0.2449002,7.2972,2015
15065,-0.9250768,11.5496,2015
15066,-0.1160301,3.0992,2015
15067,-0.3831232,14.9032,2015
15068,-0.7281079,22.7313,2015
15069,-1.279419,22.3063,2015
15070,-0.9535453,25.0261,2015
15071,-0.7248956,8.8008,2015
15072,-0.9626977,9.0265,2015
15073,-1.263275,11.9427,2015
15074,0.8618662,8.5633,2015
15075,-1.091625,14.6031,2015
15076,-1.070827,19.7587,2015
15077,-0.2200421,0.8819,2015
15078,-0.4986152,2.7164,2015
15079,-0.4933725,7.848,2015
15080,0.4644249,8.5458,2015
15081,-1.493761,23.7155,2015
15082,-0.1580514,5.1183,2015
15083,-1.133962,14.4331,2015
15084,-0.874449,16.791,2015
15085,-0.0029253,12.0086,2015
15086,0.2155119,3.9961,2015
15087,0.0387458,12.1752,2015
15088,-0.4057896,15.8513,2015
15089,-0.9965753,16.5998,2015
15090,-0.4931287,18.4348,2015
15091,-1.218254,27.7128,2015
15092,-1.139683,15.5195,2015
15093,-0.9032267,11.2386,2015
15094,-0.5339075,27.9645,2015
15095,-1.164473,23.2319,2015
15096,-0.9256464,34.2502,2015
15097,-0.00909,4.4205,2015
15098,-0.8555403,9.7026,2015
15099,-1.307914,23.9282,2015
15100,-0.7172856,25.9115,2015
15101,-0.6245035,18.9677,2015
15102,-0.5475443,6.2947,2015
15103,-1.187201,15.2416,2015
15104,-1.403584,19.6377,2015
15105,-0.0064907,5.1092,2015
15106,-1.056261,15.9552,2015
15107,-0.8500143,6.816,2015
15108,-1.346343,22.9648,2015
15109,-1.426725,22.9423,2015
15110,-0.5726162,10.0056,2015
15111,0.7097577,8.9797,2015
15112,0.0409095,7.9617,2015
15113,-0.0218397,12.7795,2015
15114,1.202839,9.1538,2015
15115,-0.80313,16.0574,2015
15116,-0.645564,2.4897,2015
15117,0.54229,4.1516,2015
15118,-0.7196499,15.0312,2015
15119,0.3865939,8.9207,2015
15120,-1.15699,22.4631,2015
15121,-1.531656,23.2029,2015
15122,-1.01917,32.944,2015
15123,0.15763,3.934,2015
15124,1.196658,7.7356,2015
15125,-1.151661,27.2615,2015
16001,-0.1773457,23.0197,2015
16002,-0.1632597,40.2598,2015
16003,-0.6176918,18.5627,2015
16004,-0.3079443,20.3581,2015
16005,-0.2302755,15.9532,2015
16006,-0.5499254,43.1322,2015
16007,0.049622,11.6843,2015
16008,1.526209,13.1958,2015
16009,-0.3225278,32.3456,2015
16010,-0.1433505,17.5084,2015
16011,-0.7604305,17.5583,2015
16012,-0.213988,39.7027,2015
16013,0.0562937,9.6046,2015
16014,-0.4418249,12.2012,2015
16015,0.0560819,14.1347,2015
16016,-0.3488786,38.2091,2015
16017,-0.2669449,20.7762,2015
16018,-0.5256987,16.6211,2015
16019,-0.6895133,28.5414,2015
16020,-0.3812093,22.4891,2015
16021,0.9330184,24.5858,2015
16022,-0.6866901,23.0812,2015
16023,-0.5521258,29.9181,2015
16024,0.5332417,20.6645,2015
16025,0.5291159,30.8518,2015
16026,0.1399742,18.7997,2015
16027,-0.0700489,17.1968,2015
16028,-0.7079725,18.8796,2015
16029,0.3330601,19.5083,2015
16030,-0.4823557,24.7498,2015
16031,-0.3394521,31.338,2015
16032,-0.0866427,27.3887,2015
16033,-0.3531242,18.9897,2015
16034,-0.3621601,30.1585,2015
16035,-0.2081203,18.4505,2015
16036,-0.6671566,23.5776,2015
16037,-0.3502417,30.3596,2015
16038,-0.0097124,18.4134,2015
16039,-0.4376255,11.2469,2015
16040,-0.2261798,27.4809,2015
16041,-0.333932,22.3858,2015
16042,-0.3312736,27.217,2015
16043,-0.4874785,28.411,2015
16044,-0.5243657,31.6836,2015
16045,-0.781826,26.6282,2015
16046,-0.5369995,26.0305,2015
16047,-0.3604561,27.7613,2015
16048,-0.6232473,24.4301,2015
16049,0.6398174,18.5691,2015
16050,-0.2980168,22.3878,2015
16051,-0.9724196,41.0255,2015
16052,-1.091212,17.0745,2015
16053,-1.204979,24.8866,2015
16054,-0.5452262,20.4202,2015
16055,-0.3569238,24.3448,2015
16056,1.153255,11.0173,2015
16057,0.4436494,13.2764,2015
16058,-0.7347811,34.1822,2015
16059,-0.5787329,19.8423,2015
16060,-0.7382467,14.3557,2015
16061,0.3795886,23.5915,2015
16062,-0.3721555,23.8066,2015
16063,-0.3821332,28.3668,2015
16064,-0.0356528,26.7386,2015
16065,0.2548614,29.9968,2015
16066,-0.4672517,22.8103,2015
16067,-0.3753992,18.4043,2015
16068,-0.6578752,26.2072,2015
16069,-1.026542,19.9283,2015
16070,-0.9307372,26.0243,2015
16071,-0.5568871,18.8236,2015
16072,-0.6146258,23.9303,2015
16073,-0.2788639,29.1329,2015
16074,-0.5751007,18.555,2015
16075,-0.3030271,17.3271,2015
16076,-0.9485545,28.4905,2015
16077,-0.0939457,22.7851,2015
16078,-0.5901659,29.2636,2015
16079,0.2146931,27.7224,2015
16080,-0.1443809,25.5301,2015
16081,0.5904327,22.6261,2015
16082,-0.6214683,19.9854,2015
16083,-0.356909,42.8746,2015
16084,0.1538481,32.9677,2015
16085,-0.2398296,42.7173,2015
16086,-0.723723,20.1277,2015
16087,-0.6783339,11.9374,2015
16088,-0.9926336,22.5854,2015
16089,-0.5359735,42.5803,2015
16090,-0.0053312,24.6835,2015
16091,-0.6385105,26.6791,2015
16092,0.6197536,19.0955,2015
16093,0.0395021,26.2091,2015
16094,-0.2633075,31.6672,2015
16095,-0.5636264,15.0825,2015
16096,0.6168932,26.1696,2015
16097,0.2327939,20.3523,2015
16098,-0.3771803,29.2463,2015
16099,0.1692501,12.6113,2015
16100,-0.2678097,24.1824,2015
16101,0.9348425,16.1053,2015
16102,-0.825123,25.9684,2015
16103,-0.6564396,22.6728,2015
16104,-0.4811885,22.5213,2015
16105,-0.6983696,20.738,2015
16106,-0.4817638,26.2642,2015
16107,-0.8996649,26.3077,2015
16108,-0.649276,28.2924,2015
16109,-0.6274716,11.4063,2015
16110,-0.6060637,28.7236,2015
16111,-0.1432151,34.8856,2015
16112,-0.5191824,36.22,2015
16113,-0.6995674,18.0171,2015
17001,-0.5898559,9.9651,2015
17002,-0.4038987,20.6305,2015
17003,-0.2981504,15.6239,2015
17004,-0.6490641,14.8385,2015
17005,-0.4415213,7.2891,2015
17006,-0.969993,19.811,2015
17007,-1.320405,17.6951,2015
17008,-0.9571582,15.0393,2015
17009,-0.6001107,16.853,2015
17010,-0.6149223,10.0012,2015
17011,-1.196457,16.206,2015
17012,-0.9795321,13.9546,2015
17013,-0.6555952,9.9299,2015
17014,-0.7891171,9.2907,2015
17015,-0.2911017,10.216,2015
17016,-0.2839109,9.9731,2015
17017,-0.485589,12.4723,2015
17018,-0.8231864,15.0151,2015
17019,-0.4252063,12.3257,2015
17020,-0.5103982,19.4777,2015
17021,-0.629299,5.9959,2015
17022,-0.1578842,13.0834,2015
17023,0.1351001,14.1083,2015
17024,-0.6786095,13.2662,2015
17025,-0.7545888,11.9726,2015
17026,-0.5506926,12.7357,2015
17027,-0.1026369,13.5257,2015
17028,-0.6582236,15.5036,2015
17029,-0.8187024,12.3128,2015
17030,-0.65552,16.0947,2015
17031,-1.13401,14.0408,2015
17032,-0.7524469,14.365,2015
17033,-0.4629718,10.9821,2015
18001,-0.7549796,9.3784,2015
18002,-1.013039,10.4871,2015
18003,-0.8820745,6.0332,2015
18004,-0.9369619,17.1345,2015
18005,1.787417,15.3797,2015
18006,-1.111944,20.8492,2015
18007,-0.2311529,15.3283,2015
18008,-1.312207,17.0521,2015
18009,4.356185,27.852,2015
18010,-0.688466,11.3242,2015
18011,-0.3234844,15.8954,2015
18012,-0.7522854,15.5642,2015
18013,-0.9712332,7.2676,2015
18014,-0.6684937,16.9102,2015
18015,-0.8087962,10.0552,2015
18016,-0.9154803,10.1465,2015
18017,-1.355432,17.3053,2015
18018,-0.9800813,12.1315,2015
18019,1.812258,9.78,2015
18020,-1.073609,19.2067,2015
19001,-1.140806,7.6923,2015
19002,-1.010387,3.608,2015
19003,-0.9489601,16.4087,2015
19004,-1.282974,8.2351,2015
19005,-0.9600667,7.8597,2015
19006,-1.602561,10.7403,2015
19007,0.0673053,3.8509,2015
19008,-1.198583,4.7775,2015
19009,-1.222054,11.6011,2015
19010,-1.315853,8.0092,2015
19011,-1.056037,8.9339,2015
19012,-1.280814,10.446,2015
19013,-0.8756815,11.6751,2015
19014,0.1298076,3.3773,2015
19015,-0.8396031,11.7647,2015
19016,-0.7918673,3.4603,2015
19017,-0.3563477,2.3924,2015
19018,-1.386104,10.2769,2015
19019,-1.650952,10.7433,2015
19020,-0.8631936,12.9403,2015
19021,-1.403119,11.8853,2015
19022,-0.7967405,7.0902,2015
19023,-0.868022,4.5977,2015
19024,0.4149868,4.9077,2015
19025,-1.361585,8.9577,2015
19026,-1.546615,13.6613,2015
19027,-0.821551,11.2245,2015
19028,-0.9390892,12.9054,2015
19029,-1.108155,7.3544,2015
19030,-0.3422185,3.6684,2015
19031,-1.422174,12.4862,2015
19032,-1.061944,6.3383,2015
19033,-1.07756,5.8783,2015
19034,-1.214996,7.6199,2015
19035,-1.138658,5.2356,2015
19036,0.3576763,3.0589,2015
19037,-0.9528078,5.7829,2015
19038,-1.121934,6.7468,2015
19039,-1.474153,13.0574,2015
19040,-0.978662,4.8404,2015
19041,-1.312749,11.2885,2015
19042,-0.8490944,18.8409,2015
19043,-0.1165438,6.7424,2015
19044,-1.304804,6.3177,2015
19045,-1.114471,9.2431,2015
19046,-1.583333,12.1211,2015
19047,-1.215914,5.6158,2015
19048,-1.42711,10.8926,2015
19049,-1.323066,7.4799,2015
19050,-0.6607497,5.0858,2015
19051,-1.04204,4.6078,2015
20001,0.9296497,13.3787,2015
20002,0.0164958,18.691,2015
20003,1.61759,7.8934,2015
20004,-0.2409617,25.8065,2015
20005,-0.5967002,13.042,2015
20006,0.0248414,15.7625,2015
20007,1.999738,27.8431,2015
20008,0.1304719,14.9077,2015
20009,0.723055,10.8843,2015
20010,-0.9318213,12.5657,2015
20011,0.8735271,8.2064,2015
20012,1.834753,8.9549,2015
20013,-0.4388441,14.8324,2015
20014,-0.9554475,15.3508,2015
20015,1.92739,13.249,2015
20016,3.104234,12.6912,2015
20017,1.27612,10.2823,2015
20018,0.4677282,21.1706,2015
20019,0.7346789,4.4649,2015
20020,1.085262,17.6336,2015
20021,-0.2505728,19.9609,2015
20022,-0.0453842,28.2123,2015
20023,-0.1017655,22.4985,2015
20024,1.823556,19.7365,2015
20025,-0.2546119,23.0439,2015
20026,0.7829699,12.6627,2015
20027,1.732961,14.6157,2015
20028,0.5584863,16.2754,2015
20029,2.256724,9.6977,2015
20030,-1.096533,14.7522,2015
20031,1.586733,15.4745,2015
20032,0.6313374,19.9799,2015
20033,-0.7404199,25.5214,2015
20034,-0.2214613,7.5939,2015
20035,-1.064922,11.8644,2015
20036,0.7734711,8.6707,2015
20037,1.249839,9.7489,2015
20038,0.7688752,22.6395,2015
20039,-0.5883209,27.5794,2015
20040,2.781709,18.8601,2015
20041,1.848926,32.4807,2015
20042,0.2755795,7.5956,2015
20043,-0.6779381,17.3179,2015
20044,-0.3492292,15.7938,2015
20045,-0.9070546,15.1512,2015
20046,0.6298792,11.9721,2015
20047,-0.5002368,10.3448,2015
20048,2.024362,15.2,2015
20049,0.58753,22.6003,2015
20050,2.262602,15.0251,2015
20051,2.218678,24.7863,2015
20052,-0.1035055,13.415,2015
20053,-0.460593,11.3934,2015
20054,0.0965102,7.9518,2015
20055,-0.2997447,11.3023,2015
20056,0.2035549,8.8483,2015
20058,1.791762,12.4685,2015
20059,0.2528726,29.4645,2015
20060,1.651699,13.8491,2015
20061,1.037882,13.2256,2015
20062,-0.5888414,10.5263,2015
20063,-1.136534,20.9207,2015
20064,0.3303914,8.7204,2015
20065,1.1361,33.6642,2015
20066,-0.3780125,12.3334,2015
20067,-1.064342,24.9558,2015
20068,0.3460794,26.9607,2015
20069,1.884455,2.6976,2015
20070,0.9257252,8.9366,2015
20071,1.491014,9.5089,2015
20072,1.726595,9.8505,2015
20073,0.1975761,14.2647,2015
20074,0.6198389,5.1867,2015
20075,-0.6164727,9.8788,2015
20076,-0.0550453,13.9128,2015
20077,-0.0219518,20.6015,2015
20078,-0.6985,16.1644,2015
20079,-1.012644,14.6821,2015
20080,0.6207173,14.5305,2015
20081,0.5752434,28.8068,2015
20082,0.5973161,13.3203,2015
20083,-0.6982487,20.274,2015
20084,-1.172206,20.8082,2015
20085,2.592491,10.1606,2015
20086,1.159725,35.3068,2015
20087,0.3278456,29.6262,2015
20088,1.9672,12.3448,2015
20089,0.0688503,9.6591,2015
20090,0.0421061,17.5584,2015
20091,-1.112964,27.5113,2015
20092,0.1927645,25.8105,2015
20093,0.3683093,24.8447,2015
20094,0.894132,3.9294,2015
20095,2.145469,27.4971,2015
20096,-0.6734865,5.5866,2015
20097,1.062191,22.3818,2015
20098,1.550455,17.5819,2015
20099,1.044572,17.7966,2015
20100,1.054523,21.0901,2015
20101,1.275191,17.5913,2015
20102,0.3199354,17.2828,2015
20103,1.074817,36.4287,2015
20104,1.138428,8.4037,2015
20105,0.9634028,6.7077,2015
20106,0.7600117,7.6305,2015
20107,-0.5849161,24.0082,2015
20108,1.477261,12.5085,2015
20109,-0.539,5.053,2015
20110,2.181277,17.9245,2015
20111,1.177053,15.5477,2015
20112,0.6404739,10.7859,2015
20113,0.9587004,11.3485,2015
20114,0.5418595,21.8409,2015
20115,-0.8330852,11.6639,2015
20116,1.951924,15.2208,2015
20117,1.65639,7.3171,2015
20118,1.007283,23.546,2015
20119,1.396173,29.0155,2015
20120,0.651107,17.9641,2015
20121,0.4531003,19.8777,2015
20122,-0.4192674,3.3019,2015
20123,0.7946373,15.1405,2015
20124,0.9610134,17.3204,2015
20125,0.7561284,9.619,2015
20126,1.932871,15.7925,2015
20127,2.271791,2.1912,2015
20128,0.0915132,22.9685,2015
20129,-0.3216298,11.1111,2015
20130,0.5917245,10.474,2015
20131,0.8439332,18.8747,2015
20132,-0.0099776,19.6843,2015
20133,2.107378,6.5907,2015
20134,1.643975,12.8811,2015
20135,0.6747763,20.3511,2015
20136,1.177982,10.798,2015
20137,1.164602,10.1509,2015
20138,0.2535351,17.9545,2015
20139,1.988144,6.2592,2015
20141,0.3218318,19.3595,2015
20142,1.306308,12.6135,2015
20143,-0.1610926,7.3719,2015
20144,0.8106628,11.6965,2015
20145,-0.356151,26.9071,2015
20146,1.711498,5.8486,2015
20147,0.3779607,19.891,2015
20148,1.172901,15.4639,2015
20149,1.328175,6.2969,2015
20150,-0.3713886,17.0544,2015
20151,0.9209754,12.3839,2015
20152,1.585135,13.5135,2015
20153,0.438435,7.7543,2015
20154,1.209533,16.7013,2015
20155,1.995403,10.1523,2015
20156,0.0440513,24.3365,2015
20157,-1.217933,23.8486,2015
20158,1.159336,1.9486,2015
20159,1.129279,8.0096,2015
20160,-0.1304199,24.7304,2015
20161,0.851106,11.6408,2015
20162,1.894104,8.273,2015
20163,1.351411,14.9057,2015
20164,0.5867375,32.684,2015
20165,0.2049223,8.9947,2015
20166,-0.2302406,14.242,2015
20167,2.307694,7.3219,2015
20168,0.312811,19.6412,2015
20169,2.898153,15.5159,2015
20170,2.93129,5.5368,2015
20171,3.93321,24.8581,2015
20172,0.2739974,24.4681,2015
20173,0.6607696,7.3871,2015
20174,-0.9880587,20.7812,2015
20175,0.7150984,8.7808,2015
20176,0.9034354,17.38,2015
20177,0.1622923,8.1649,2015
20178,-0.6427844,21.2685,2015
20179,0.4058176,12.8434,2015
20180,-0.3286009,10.644,2015
20181,0.5107989,17.5,2015
20182,1.558691,20.2938,2015
20183,0.8678868,9.9783,2015
20184,-0.5987698,20.6798,2015
20185,-0.1247255,10.9317,2015
20186,-0.2063109,5.6673,2015
20187,1.780554,24.7234,2015
20188,1.422207,7.677,2015
20189,2.262758,14.9826,2015
20190,0.8403671,18.2217,2015
20191,0.3846227,4.2424,2015
20192,-0.810361,24.7657,2015
20193,-0.2624399,29.1667,2015
20194,-0.0077412,21.0994,2015
20195,1.808394,12.605,2015
20196,-0.2373223,6.0533,2015
20197,0.4416957,20.4857,2015
20198,0.9842069,14.3679,2015
20199,1.045563,13.6207,2015
20200,1.651829,10.5475,2015
20201,1.099407,8.8582,2015
20202,0.8957879,6.3502,2015
20203,1.465175,10.9857,2015
20204,0.0170586,7.9077,2015
20205,1.399289,13.8699,2015
20206,0.5260503,9.9427,2015
20207,1.059716,16.2657,2015
20208,1.760799,31.527,2015
20209,1.583518,9.8485,2015
20210,1.481005,10.0574,2015
20211,2.086254,7.3198,2015
20212,2.459861,3.8712,2015
20213,0.9747416,10.2893,2015
20214,0.3152129,13.9464,2015
20215,-0.2934554,6.9797,2015
20216,0.5078824,21.9531,2015
20217,2.365166,11.6441,2015
20218,1.661665,3.7665,2015
20219,0.7819077,16.113,2015
20220,1.063509,5.3429,2015
20221,0.4578556,20.2769,2015
20222,0.7527046,17.6232,2015
20223,-0.1590779,8.8608,2015
20224,-0.3839798,8.642,2015
20225,1.424425,15.5057,2015
20226,0.4460202,13.2207,2015
20227,-0.9590495,19.3581,2015
20228,1.683466,14.4981,2015
20229,2.43938,2.6553,2015
20230,-0.2297819,7.431,2015
20231,2.333166,6.0453,2015
20232,1.287032,6.9654,2015
20233,1.004889,20.3917,2015
20234,2.024862,9.4483,2015
20235,1.2566,10.7359,2015
20236,2.771253,31.5992,2015
20237,-0.2932785,34.1069,2015
20238,0.5851651,12.8085,2015
20239,0.8111023,19.703,2015
20240,2.923196,16.8407,2015
20241,0.7668639,18.0313,2015
20242,2.476115,26.6291,2015
20243,0.0426649,13.0148,2015
20244,0.3223409,11.0642,2015
20245,0.5699083,12.0158,2015
20246,0.8596239,17.8571,2015
20247,-1.032565,8.5216,2015
20248,3.197589,9.8753,2015
20249,0.9254881,15.3846,2015
20250,0.1374146,4.8781,2015
20251,1.010965,2.0105,2015
20252,1.738694,12.9971,2015
20253,2.339039,10.0768,2015
20254,1.436164,21.3533,2015
20255,1.005623,12.6795,2015
20256,-0.142039,11.1607,2015
20257,1.241496,14.3002,2015
20258,0.5775162,22.7528,2015
20259,1.703927,8.3051,2015
20260,0.6895635,6.7219,2015
20261,0.9652756,8.8356,2015
20262,0.0604777,18.5297,2015
20263,2.011803,7.2373,2015
20264,1.871848,2.7182,2015
20265,0.8177334,8.9189,2015
20266,0.8606645,8.6821,2015
20267,0.639498,9.0164,2015
20268,0.2489172,9.7633,2015
20269,1.010365,15.7946,2015
20270,2.368551,4.6618,2015
20271,2.048473,5.5976,2015
20272,1.107407,18.7948,2015
20273,2.218755,8.3663,2015
20274,1.829834,5.5861,2015
20275,1.542111,14.5461,2015
20276,2.051409,22.9345,2015
20277,1.581,9.4809,2015
20278,1.044547,9.8211,2015
20279,1.100826,21.8762,2015
20280,0.0571744,12.3738,2015
20281,-0.4080874,13.5338,2015
20282,0.9120095,6.0357,2015
20283,-0.1358486,6.0181,2015
20284,2.296245,25.5002,2015
20285,0.3107937,19.8798,2015
20286,0.6849703,22.7244,2015
20287,0.152083,17.2297,2015
20288,1.369374,6.5767,2015
20289,0.6043686,7.8414,2015
20290,-0.2772072,9.8462,2015
20291,0.8707238,11.4488,2015
20292,1.292624,8.3629,2015
20293,-1.217618,24.2731,2015
20294,-0.4740901,18.2802,2015
20295,-0.3870071,15.8166,2015
20296,0.1333784,8.0899,2015
20297,1.929368,11.222,2015
20298,0.3597357,22.8998,2015
20299,0.1579907,13.5466,2015
20300,0.7973074,13.1903,2015
20301,0.3359474,11.5615,2015
20302,1.169646,12.646,2015
20303,0.273016,16.9881,2015
20304,1.935077,6.3946,2015
20305,-1.0015,8.4081,2015
20306,1.899584,20.5013,2015
20307,0.2283257,9.8562,2015
20308,0.2508245,16.2746,2015
20309,1.858047,9.5426,2015
20310,0.8384789,21.3059,2015
20311,1.879098,1.2844,2015
20312,1.452382,18.2369,2015
20313,1.635889,5.2632,2015
20314,-0.2082268,16.0154,2015
20315,2.399968,17.5325,2015
20316,0.7947301,5.9163,2015
20317,1.006112,22.5989,2015
20318,-0.4073092,16.6212,2015
20319,1.075194,12.756,2015
20320,1.275332,21.5569,2015
20321,0.4896182,11.25,2015
20322,1.780241,7.4684,2015
20323,1.588782,8.1983,2015
20324,0.416013,14.7738,2015
20325,1.386194,8.4181,2015
20326,1.631601,15.1734,2015
20327,-0.0182955,11.609,2015
20328,1.94652,5.3808,2015
20329,0.9942422,15.1837,2015
20330,1.114673,8.3176,2015
20331,1.111707,9.0493,2015
20332,0.546752,8.7464,2015
20333,-0.3245842,18.6215,2015
20334,0.2227207,12.3657,2015
20335,1.158272,1.0989,2015
20336,0.5445181,5.5359,2015
20337,1.79762,33.0355,2015
20338,-0.5053236,20.5644,2015
20339,-0.2889841,15.1145,2015
20340,0.3883522,18.2143,2015
20341,0.0690842,12.7119,2015
20342,-0.8651516,13.2794,2015
20343,0.238094,12.3642,2015
20344,0.775441,9.2233,2015
20345,0.0931122,16.0855,2015
20346,0.3501353,23.109,2015
20347,1.313104,10.1199,2015
20348,0.958439,27.9694,2015
20349,0.9057792,30.0458,2015
20350,-1.466299,19.967,2015
20351,0.8470419,14.1135,2015
20352,2.512283,22.9722,2015
20353,0.6658739,15.9313,2015
20354,2.349873,10.6589,2015
20355,1.522164,15.956,2015
20356,0.115812,33.3817,2015
20357,0.712854,8.9239,2015
20358,0.7150027,16.4615,2015
20359,1.511964,29.8475,2015
20360,1.031549,21.6274,2015
20361,1.390156,12.744,2015
20362,0.3109409,21.0932,2015
20363,0.101024,12.4806,2015
20364,0.6573371,9.7267,2015
20365,0.6388814,10.7678,2015
20366,1.420889,13.5723,2015
20367,1.29042,17.9821,2015
20368,0.224733,19.9482,2015
20369,-0.3450914,12.0145,2015
20370,0.2367424,3.0166,2015
20371,1.224107,16.1979,2015
20372,2.342977,14.8458,2015
20373,0.6184473,10.3825,2015
20374,2.475458,8.9793,2015
20375,-0.864425,16.6068,2015
20376,0.3175574,1.1236,2015
20377,1.759788,7.7049,2015
20378,0.6031553,13.1679,2015
20379,1.690212,10.5101,2015
20380,0.5582923,15.985,2015
20381,-0.4207348,10.7663,2015
20382,1.972428,6.6308,2015
20383,1.17966,21.6124,2015
20384,1.748582,24.3795,2015
20385,-0.6660635,21.7324,2015
20386,2.516577,2.9278,2015
20387,0.0683556,14.6534,2015
20388,1.973678,13.828,2015
20389,1.552592,38.2353,2015
20390,-1.167911,28.925,2015
20391,2.695671,4.8795,2015
20392,2.775641,5.9706,2015
20393,1.483457,7.9377,2015
20394,0.8635213,17.2451,2015
20395,2.530825,7.3256,2015
20396,2.080685,17.0837,2015
20397,0.2211272,24.1031,2015
20398,0.639339,16.478,2015
20399,-0.6705095,22.1134,2015
20400,0.001277,12.1174,2015
20401,-0.1457705,15.5923,2015
20402,0.0019743,10.6046,2015
20403,-0.6164249,16.762,2015
20404,-0.3449128,26.4666,2015
20405,0.0304971,14.5024,2015
20406,3.203259,17.8522,2015
20408,0.6811293,1.8672,2015
20409,-1.123046,23.8282,2015
20410,0.4690768,14.4348,2015
20411,-0.1254552,28.4133,2015
20412,1.782266,12.6578,2015
20413,-0.5172365,13.7522,2015
20414,0.3041659,13.1491,2015
20415,0.3278258,13.0461,2015
20416,1.618267,14.7541,2015
20417,0.2829149,10.988,2015
20418,-0.3703406,14.4737,2015
20419,-0.2242677,7.6152,2015
20420,1.610153,6.8872,2015
20421,-0.5347776,11.899,2015
20422,0.4027396,13.5043,2015
20423,0.4913851,15.0215,2015
20424,1.575061,12.6605,2015
20425,1.563455,6.0882,2015
20426,2.433961,11.2999,2015
20428,1.102106,7.0686,2015
20429,1.264355,6.5941,2015
20430,1.409172,16.1111,2015
20431,0.2469248,5.7329,2015
20432,-0.2126483,51.0544,2015
20433,2.221498,7.2345,2015
20434,1.197052,8.1158,2015
20435,2.461463,13.1313,2015
20436,2.56415,6.8298,2015
20437,1.751801,12.6877,2015
20438,1.214233,11.0703,2015
20439,1.016587,9.033,2015
20440,0.1785574,9.1776,2015
20441,0.4121734,12.1091,2015
20442,0.0534116,13.4832,2015
20443,0.4946674,5.2966,2015
20444,1.09148,18.2482,2015
20445,1.706463,4.4254,2015
20446,1.922443,12.963,2015
20447,0.4987795,11.5973,2015
20448,2.013922,4.9239,2015
20449,0.2414132,24.9405,2015
20450,3.016392,7.2144,2015
20451,2.410088,4.8,2015
20452,1.753521,34.6683,2015
20453,-0.2131985,11.165,2015
20454,1.601683,10,2015
20455,0.7291084,22.5707,2015
20456,0.1339364,26.44,2015
20457,1.464963,21.2849,2015
20458,0.6719165,8.5832,2015
20459,-0.0398192,17.0442,2015
20460,1.402689,16.0947,2015
20461,1.429203,42.8571,2015
20462,-0.3306872,18.4423,2015
20463,0.6707448,20.794,2015
20464,0.7500919,17.9487,2015
20465,1.248117,11.8899,2015
20466,3.194206,6.8783,2015
20467,0.2109448,21.0302,2015
20468,1.434344,14.2271,2015
20469,1.023039,22.1916,2015
20470,0.9778074,17.3966,2015
20471,0.6400707,10.6426,2015
20472,-0.2123799,10.8539,2015
20473,0.5369093,8.9009,2015
20474,-0.0959033,12.6675,2015
20475,0.6681036,19.0683,2015
20476,-0.3320766,25.4453,2015
20477,0.7083557,8.0969,2015
20478,0.7870051,11.3725,2015
20479,1.062003,2.4752,2015
20480,1.882642,2.9646,2015
20481,2.314358,36.8132,2015
20482,0.1171074,19.4194,2015
20483,0.3358121,15.3506,2015
20484,0.2237075,4.9647,2015
20485,1.137763,12.8429,2015
20486,0.2990691,17.7278,2015
20487,0.6289475,14.8872,2015
20488,-0.0589271,8.7719,2015
20489,0.7225422,7.8895,2015
20490,1.514477,5.1001,2015
20491,1.189981,4.4505,2015
20492,1.553628,9.8444,2015
20493,-0.1689567,10.7075,2015
20494,2.531614,9.0948,2015
20495,2.115146,11.8026,2015
20496,-0.3932576,5.0691,2015
20497,2.204142,8.387,2015
20498,1.213261,15.6136,2015
20499,-0.5861213,18.5646,2015
20500,0.9336241,8.7995,2015
20501,0.0901048,7.3718,2015
20502,2.644536,12.5313,2015
20503,-0.3450276,9.4527,2015
20504,-0.004583,10.7618,2015
20505,-0.6152091,9.2655,2015
20506,0.3472589,9.9338,2015
20507,0.5089387,15.7682,2015
20508,-0.5360741,6.3257,2015
20509,2.012175,9.6945,2015
20510,1.226853,10.8896,2015
20511,1.935511,10.5634,2015
20512,1.121492,18.2759,2015
20513,0.255175,16.2171,2015
20514,1.917699,12.7451,2015
20515,-0.436382,14.2948,2015
20516,0.5875643,5.8315,2015
20517,2.556744,18.8993,2015
20518,0.0786676,19.697,2015
20519,-0.2309305,24.2303,2015
20520,-0.1478992,23.5949,2015
20521,1.338584,25.5319,2015
20522,1.162937,22.9126,2015
20523,-0.1028246,14.9035,2015
20524,-0.1755075,5.0955,2015
20525,-0.2526139,12.2029,2015
20526,0.8611075,11.5225,2015
20527,1.523555,4.7308,2015
20528,1.079917,28.4694,2015
20529,2.261563,61.5217,2015
20530,0.9373032,12.6901,2015
20531,-0.0957994,23.4802,2015
20532,1.890164,8.7719,2015
20533,0.2237859,24.5779,2015
20534,2.046007,10.8081,2015
20535,1.678447,9.2536,2015
20536,0.4369182,25.1816,2015
20537,0.2125195,17.3056,2015
20538,0.7071168,14.4993,2015
20539,-0.2130957,20.4078,2015
20540,-0.6276457,17.9577,2015
20541,0.4655513,26.2022,2015
20542,0.6455545,15.6364,2015
20543,1.259045,8.9794,2015
20544,0.1393948,17.2244,2015
20545,-0.5077429,11.209,2015
20546,0.2820554,25.3112,2015
20547,-0.0701934,15.2524,2015
20548,0.7570308,14.9969,2015
20549,0.5092233,14.7997,2015
20550,0.2380354,23.2562,2015
20551,-0.2566034,39.8315,2015
20552,0.5006091,10.5023,2015
20553,-0.3997855,31.2108,2015
20554,1.274884,14.9039,2015
20555,0.6957669,16.161,2015
20556,0.0310346,20.3846,2015
20557,-0.9030529,19.209,2015
20558,0.5602139,4.5222,2015
20559,0.6542827,8.0841,2015
20560,0.6783866,23.7135,2015
20561,1.818394,15.7763,2015
20562,-0.0469083,13.5779,2015
20563,1.511265,16.2183,2015
20564,1.512849,2.3029,2015
20565,0.3212703,19.2634,2015
20566,1.545513,9.5017,2015
20567,0.9521996,7.7657,2015
20568,-0.0002371,56.1146,2015
20569,1.127383,11.0148,2015
20570,0.1861265,21.5175,2015
21001,0.0189451,19.5317,2015
21002,0.5495729,19.3293,2015
21003,-0.4898983,13.9442,2015
21004,0.0746617,31.183,2015
21005,1.520509,9.9699,2015
21006,1.606312,4.7452,2015
21007,0.3262509,8.6315,2015
21008,-0.5808745,20.3567,2015
21009,-0.2053508,16.0288,2015
21010,1.449081,12.2422,2015
21011,-0.0498851,7.5419,2015
21012,-0.1397632,20.1043,2015
21013,0.0315558,30.3744,2015
21014,1.152659,13.9073,2015
21015,-0.6243555,21.254,2015
21016,0.4445185,8.4284,2015
21017,0.6098689,16.7562,2015
21018,0.4314971,12.286,2015
21019,-0.5446616,24.9464,2015
21020,0.0391813,18.0139,2015
21021,-0.565909,15.46,2015
21022,0.3188885,18.9779,2015
21023,0.7203972,19.4028,2015
21024,-0.4983647,36.5854,2015
21025,0.2369901,8.717,2015
21026,-0.116229,26.9668,2015
21027,0.5098233,23.263,2015
21028,1.302697,4.8781,2015
21029,0.5694417,9.2659,2015
21030,1.072239,4.6296,2015
21031,0.1109709,10.5727,2015
21032,0.0057806,8.847,2015
21033,0.2330787,16.827,2015
21034,-0.4157836,31.4196,2015
21035,0.0810554,5.5966,2015
21036,1.958879,8.9299,2015
21037,-0.2854344,15.8037,2015
21038,0.1244242,31.6998,2015
21039,1.207994,7.2829,2015
21040,0.1483996,30.5433,2015
21041,-1.221595,21.9265,2015
21042,0.522297,10.4015,2015
21043,0.9701811,12.3252,2015
21044,-0.2088397,7.6923,2015
21045,-0.3095399,17.2218,2015
21046,-0.0721854,20.1496,2015
21047,-0.4254844,12.2352,2015
21048,-0.3789992,27.0877,2015
21049,1.554996,8.2322,2015
21050,1.680323,14.4622,2015
21051,-0.4935978,11.4514,2015
21052,0.7145143,15.1275,2015
21053,-0.1747792,11.5529,2015
21054,0.4489021,25.3246,2015
21055,0.0138298,10.299,2015
21056,-0.3568413,12.2614,2015
21057,0.602167,16.6094,2015
21058,1.098496,7.946,2015
21059,-0.1907826,11.4363,2015
21060,0.3808383,48.9018,2015
21061,2.434949,5.2077,2015
21062,-0.4337832,18.5694,2015
21063,-0.1792907,13.5368,2015
21064,0.5680146,12.7241,2015
21065,0.1466924,26.6735,2015
21066,-0.026585,7.9757,2015
21067,-0.0880098,10.4532,2015
21068,1.243698,9.6308,2015
21069,0.032734,22.423,2015
21070,0.6764435,21.6717,2015
21071,-0.2468444,15.0277,2015
21072,2.140188,6.9297,2015
21073,-0.2842349,9.9491,2015
21074,-0.8459478,24.5937,2015
21075,0.7939759,12.5455,2015
21076,0.3017394,20.3187,2015
21077,2.273653,5.457,2015
21078,1.38894,5.6571,2015
21079,-0.369068,20.3052,2015
21080,1.026882,15.3786,2015
21081,0.605106,9.5461,2015
21082,-0.5157473,11.4031,2015
21083,0.5810289,5.5361,2015
21084,1.428131,23.5986,2015
21085,-0.6933917,20.3451,2015
21086,0.9110169,12.3789,2015
21087,0.4536373,10.4192,2015
21088,0.7193951,13.0551,2015
21089,0.9062138,12.5215,2015
21090,-0.538637,23.5637,2015
21091,-0.85324,19.8783,2015
21092,0.5348391,10.8821,2015
21093,0.1659393,9.9527,2015
21094,-0.325434,13.1986,2015
21095,-0.7708958,10.661,2015
21096,-0.1591194,7.891,2015
21097,-0.6754509,32.919,2015
21098,0.0951314,27.1411,2015
21099,0.2810404,9.0852,2015
21100,0.8485416,8.4018,2015
21101,0.3499923,15.5131,2015
21102,-0.1170794,34.4719,2015
21103,0.3708387,18.5812,2015
21104,-0.03406,14.4158,2015
21105,-0.0350807,10.0106,2015
21106,-0.0335587,31.949,2015
21107,2.184438,8.6654,2015
21108,-0.2679804,10.483,2015
21109,0.4742354,7.1993,2015
21110,0.4762536,13.9121,2015
21111,0.8860307,10.3138,2015
21112,0.1209015,11.5868,2015
21113,-0.1222677,16.3119,2015
21114,-1.193344,21.1451,2015
21115,0.4217924,19.2418,2015
21116,1.241238,7.1738,2015
21117,-0.6468717,14.4643,2015
21118,-0.0762211,37.969,2015
21119,-1.302947,26.3675,2015
21120,0.946176,16.6726,2015
21121,0.4834997,21.8698,2015
21122,-0.5009326,32.7946,2015
21123,1.620079,11.8812,2015
21124,0.2088946,30.7683,2015
21125,-0.9066972,22.283,2015
21126,0.0298386,26.0974,2015
21127,0.1076542,17.4368,2015
21128,-0.2660486,16.0953,2015
21129,0.0020021,15.2595,2015
21130,-0.0158736,17.4599,2015
21131,-0.323868,22.1963,2015
21132,-0.9292136,27.6808,2015
21133,-0.5349435,6.8669,2015
21134,-0.6453922,28.7881,2015
21135,0.5066669,11.3207,2015
21136,-1.139952,16.0765,2015
21137,0.1723968,18.9631,2015
21139,-0.1750281,7.9513,2015
21140,-0.8915079,28.007,2015
21141,-0.2994355,12.2289,2015
21142,0.1299496,28.05,2015
21143,-0.5296457,25.2783,2015
21144,-0.1127086,42.8224,2015
21145,2.201312,10.8998,2015
21146,0.4842076,15.7407,2015
21147,0.5715141,13.134,2015
21148,0.4045894,16.2083,2015
21149,0.2603547,22.4314,2015
21150,0.4417693,12.4965,2015
21151,-0.6262796,37.7394,2015
21152,0.0478977,18.4443,2015
21153,-0.5383064,28.3058,2015
21154,-0.4685246,22.1863,2015
21155,-0.0930196,16.2058,2015
21156,-0.5774481,20.9061,2015
21157,-0.0162779,15.6508,2015
21158,0.7063065,10.853,2015
21159,0.8868439,36.3367,2015
21160,-0.2179035,11.8979,2015
21161,-0.2029147,11.3557,2015
21162,1.476651,13.1746,2015
21163,0.0136245,22.1841,2015
21164,-0.4540468,30.0719,2015
21165,0.8558381,10.6762,2015
21166,-0.3465365,22.5271,2015
21167,1.937684,6.8233,2015
21168,0.9519111,12.3509,2015
21169,0.1586109,19.1426,2015
21170,0.0855106,14.0007,2015
21171,-0.5963354,27.4476,2015
21172,0.5024232,7.2249,2015
21173,-0.5825576,16.2208,2015
21174,-0.668197,27.5705,2015
21175,-0.0829838,26.9968,2015
21176,-0.5681748,12.3201,2015
21177,0.6126845,18.8847,2015
21178,0.8972583,16.9981,2015
21179,0.0898673,8.7556,2015
21180,-0.4678525,20.0696,2015
21181,-0.4403314,17.4877,2015
21182,-0.0755229,19.9516,2015
21183,1.283559,13.5072,2015
21184,0.9727176,6.2067,2015
21185,-0.04214,28.2923,2015
21186,-0.0680981,12.421,2015
21187,1.113306,13.9757,2015
21188,0.5687695,30.9534,2015
21189,-0.3031463,19.8031,2015
21190,-0.1831014,22.2881,2015
21191,-0.0177971,10.5683,2015
21192,0.5413011,8.9167,2015
21193,0.8997381,15.3382,2015
21194,-0.150927,20.0619,2015
21195,1.940372,9.2174,2015
21196,-0.1564161,11.7647,2015
21197,-0.1243464,17.0806,2015
21198,0.2285128,11.8947,2015
21199,0.2879798,17.9934,2015
21200,0.8114517,9.4727,2015
21201,-0.1023559,9.3608,2015
21202,1.346259,10.0706,2015
21203,0.3231542,13.3049,2015
21204,-0.0305506,17.7515,2015
21205,-0.092901,21.0959,2015
21206,0.3200476,9.2812,2015
21207,0.1596738,12.4885,2015
21208,-0.0770952,13.6083,2015
21209,0.0993945,20.9653,2015
21210,0.6053802,4.7723,2015
21211,-0.6701747,19.9777,2015
21212,1.10372,11.3701,2015
21213,1.091026,9.8649,2015
21214,-0.0764901,22.3881,2015
21215,0.8885247,10.0163,2015
21216,0.9979997,11.1794,2015
21217,2.378557,5.9142,2015
22001,0.1706521,9.5382,2015
22002,0.5647843,4.3867,2015
22003,-0.4273349,7.2969,2015
22004,0.0142768,10.9017,2015
22005,-0.4044061,13.2302,2015
22006,-1.44705,14.7421,2015
22007,-0.5421401,19.7156,2015
22008,-0.4521645,15.0281,2015
22009,-0.2760112,5.7616,2015
22010,0.0720125,5.6723,2015
22011,-0.9217316,13.7975,2015
22012,-0.8422133,12.8716,2015
22013,0.1159922,6.4635,2015
22014,-1.316615,14.7041,2015
22015,-0.3443816,5.6118,2015
22016,-1.08859,13.6211,2015
22017,-0.7749101,17.7674,2015
22018,0.1011502,8.6334,2015
23001,-1.212684,15.5494,2015
23002,-0.0701896,9.0198,2015
23003,-0.5394939,15.2142,2015
23004,-1.099128,12.5455,2015
23005,-1.215057,22.2101,2015
23006,-0.0852377,8.7515,2015
23007,-0.1429103,14.6093,2015
23008,-1.05545,23.0645,2015
23009,-0.7754973,20.0373,2015
23010,-0.2319609,8.1051,2015
24001,-0.0943732,8.2694,2015
24002,0.5081177,6.9431,2015
24003,2.105168,6.8502,2015
24004,0.4171547,8.2677,2015
24005,-0.5997859,12.1302,2015
24006,0.0167108,5.8836,2015
24007,-0.8009006,4.3179,2015
24008,-0.6460227,10.5552,2015
24009,-0.6930405,15.1268,2015
24010,0.0240861,5.9421,2015
24011,-0.6864328,8.115,2015
24012,1.2608,7.4209,2015
24013,-0.7612833,11.9194,2015
24014,0.941258,4.8801,2015
24015,-0.2566371,10.7539,2015
24016,-0.4520625,9.5045,2015
24017,0.8603464,9.7608,2015
24018,0.8272781,6.0147,2015
24019,0.1547609,6.3896,2015
24020,-1.053835,8.4341,2015
24021,-0.3343162,10.022,2015
24022,0.1428377,7.7998,2015
24023,0.1737308,10.6421,2015
24024,-0.5224032,10.2441,2015
24025,-0.4330266,7.9009,2015
24026,1.419553,4.5508,2015
24027,-0.1825015,10.3637,2015
24028,-1.298597,13.6594,2015
24029,0.8815612,4.6043,2015
24030,-0.1269875,4.9073,2015
24031,2.246268,5.8943,2015
24032,0.2227195,8.0132,2015
24033,-0.3471576,7.3628,2015
24034,0.1571137,5.5918,2015
24035,-1.335074,9.7167,2015
24036,0.3200193,8.9906,2015
24037,0.4885229,7.7862,2015
24038,0.5804915,7.4763,2015
24039,1.136818,6.4495,2015
24040,-0.4107892,10.6733,2015
24041,1.002161,5.119,2015
24042,-0.285105,10.7011,2015
24043,0.1831339,7.9612,2015
24044,0.1756109,6.6981,2015
24045,-0.104192,11.3627,2015
24046,0.0866763,4.9586,2015
24047,0.5254495,5.3149,2015
24048,-0.7346801,4.4576,2015
24049,-0.1890494,8.2831,2015
24050,-0.354111,6.8644,2015
24051,-0.4046982,8.8604,2015
24052,0.0807827,9.6437,2015
24053,0.2503078,9.9535,2015
24054,0.7523218,6.0716,2015
24055,-0.2517154,8.2025,2015
24056,-0.2184062,5.951,2015
24057,0.7250136,4.5775,2015
24058,-0.6228164,7.2558,2015
25001,-1.186706,13.7199,2015
25002,-1.077035,4.5904,2015
25003,0.5001402,11.7375,2015
25004,-0.635209,6.4882,2015
25005,-0.4427948,6.7334,2015
25006,-1.298663,17.3797,2015
25007,0.1772798,12.1537,2015
25008,-0.3936926,11.4806,2015
25009,-0.6362705,14.0639,2015
25010,-0.4907781,14.4487,2015
25011,-0.917618,13.321,2015
25012,-1.294011,15.3846,2015
25013,-0.422933,8.2314,2015
25014,-0.6967861,12.4468,2015
25015,-1.305406,10.4933,2015
25016,-0.3850999,6.7345,2015
25017,-0.2948742,8.8192,2015
25018,-0.4750916,11.9098,2015
26001,-1.065902,9.4702,2015
26002,-1.188962,22.6019,2015
26003,0.0682857,6.6825,2015
26004,-1.062998,17.1539,2015
26005,0.0932063,11.5219,2015
26006,-1.177879,20.6948,2015
26007,-0.9667603,11.6838,2015
26008,-0.8697942,7.8486,2015
26009,-0.7772735,13.3417,2015
26010,-0.4112368,12.436,2015
26011,-1.099503,9.9743,2015
26012,-0.5736527,12.7012,2015
26013,-1.339202,7.8784,2015
26014,-1.16201,10.3261,2015
26015,-0.6366638,18.1194,2015
26016,-0.9450276,6.9559,2015
26017,-1.005467,17.3524,2015
26018,-1.248322,11.8899,2015
26019,-1.466043,7.4975,2015
26020,-0.7744458,17.1694,2015
26021,-0.4423715,20.3276,2015
26022,-0.4869101,12.228,2015
26023,-1.232668,3.8795,2015
26024,-0.9859331,8.9261,2015
26025,-1.016874,11.5136,2015
26026,-0.0341566,10.8944,2015
26027,-1.279791,9.3007,2015
26028,-1.353635,7.9887,2015
26029,-0.9709943,11.1961,2015
26030,-1.333617,12.108,2015
26031,-0.8134997,11.6978,2015
26032,-1.234889,13.5955,2015
26033,-0.5277362,8.3888,2015
26034,-1.259015,5.6095,2015
26035,-1.042182,21.113,2015
26036,-1.332804,14.2848,2015
26037,-0.9545675,17.3808,2015
26038,-1.379905,2.3354,2015
26039,-1.298241,20.0812,2015
26040,-0.1240217,12.7786,2015
26041,-1.308827,4.9556,2015
26042,-0.8288553,10.3599,2015
26043,-1.318506,16.2033,2015
26044,-0.8611351,30.9829,2015
26045,-0.3786906,15.0965,2015
26046,-1.14389,10.7527,2015
26047,-0.9185233,8.3876,2015
26048,-1.110585,15.7566,2015
26049,0.8659503,11.5181,2015
26050,-0.7772879,7.687,2015
26051,-0.2663921,10.3085,2015
26052,-0.6381452,13.9175,2015
26053,-0.9008479,8.3538,2015
26054,-0.7921399,20.8258,2015
26055,-1.024085,27.0319,2015
26056,0.5245488,25.2726,2015
26057,-0.9256891,12.154,2015
26058,-1.254977,7.6871,2015
26059,-1.178635,14.3665,2015
26060,-0.936251,24.9521,2015
26061,-0.6600961,24.0141,2015
26062,-0.9994668,18.8266,2015
26063,-1.158133,13.1707,2015
26064,-0.3849491,14.1408,2015
26065,-0.7575838,8.7175,2015
26066,-1.098709,5.9743,2015
26067,-1.123561,9.7177,2015
26068,-0.9687018,18.4589,2015
26069,-0.0784073,16.7665,2015
26071,-0.8536727,9.2681,2015
26072,-0.3469682,10.743,2015
27001,-0.4623458,7.3353,2015
27002,-0.6630999,14.9651,2015
27003,-0.3768463,12.9647,2015
27004,-1.340895,20.5112,2015
27005,-0.862397,14.2754,2015
27006,-0.6270052,16.8746,2015
27007,-1.048074,9.025,2015
27008,-0.5046037,11.9089,2015
27009,-0.7550399,12.0217,2015
27010,-0.9465107,15.7171,2015
27011,-0.4336835,3.8506,2015
27012,-0.7556952,7.2353,2015
27013,-1.251283,15.0087,2015
27014,-1.107149,13.9126,2015
27015,-0.3238415,6.1004,2015
27016,-0.4458728,9.0511,2015
27017,-0.6131532,13.0087,2015
28001,-0.7540246,2.2231,2015
28002,-0.4271588,6.3907,2015
28003,-1.062017,15.3676,2015
28004,-0.5014399,8.6548,2015
28005,-0.0860974,13.6631,2015
28006,0.9800243,4.1429,2015
28007,-1.054969,17.631,2015
28008,0.3565705,12.1321,2015
28009,-1.417134,14.9224,2015
28010,0.0521804,8.4151,2015
28011,-0.4559004,3.8863,2015
28012,-0.3005406,15.0924,2015
28013,-0.1355176,8.1234,2015
28014,-1.020146,14.7556,2015
28015,-0.9216046,27.1854,2015
28016,-0.2197894,9.325,2015
28017,-0.1567564,2.0855,2015
28018,-0.7565266,4.0049,2015
28019,-0.0783764,3.286,2015
28020,-0.2569821,8.6643,2015
28021,-1.110647,4.607,2015
28022,-1.035298,15.4727,2015
28023,0.0883978,15.7448,2015
28024,-1.268196,7.2584,2015
28025,-1.233071,17.1895,2015
28026,0.5733898,2.616,2015
28027,-1.265641,21.9227,2015
28028,-0.595626,4.1678,2015
28029,-0.3226902,5.8288,2015
28030,-0.7829747,3.7553,2015
28031,0.0612715,2.1114,2015
28032,-1.179754,15.9624,2015
28033,-0.9390287,25.4415,2015
28034,0.3230527,6.6262,2015
28035,-0.3234111,8.6833,2015
28036,0.7912465,4.3353,2015
28037,-0.2559641,9.3198,2015
28038,-1.415896,15.3786,2015
28039,0.3797514,5.6664,2015
28040,-0.9310839,8.9705,2015
28041,-1.346104,7.3511,2015
28042,-0.0757059,13.4631,2015
28043,-0.7390403,6.0407,2015
29001,-1.021971,17.0585,2015
29002,-1.16309,17.3532,2015
29003,-0.5069557,9.2466,2015
29004,-0.1283782,10.6155,2015
29005,-1.261078,18.8683,2015
29006,-0.9327105,10.0527,2015
29007,-0.0703817,5.1278,2015
29008,-0.4007054,8.9783,2015
29009,-0.7773247,10.2049,2015
29010,-0.9884413,19.824,2015
29011,-0.9655933,9.4892,2015
29012,-0.371275,7.8103,2015
29013,-0.4763409,14.8869,2015
29014,-0.6250477,10.4425,2015
29015,-0.9385045,13.6546,2015
29016,-0.5577646,10.3955,2015
29017,-0.2327892,38.8405,2015
29018,-0.6212054,18.7294,2015
29019,-0.8310508,25.8262,2015
29020,-0.8117108,7.5869,2015
29021,-0.80992,7.0384,2015
29022,-0.9182081,15.8481,2015
29023,-0.7163285,20.8757,2015
29024,-0.9621202,18.6418,2015
29025,-0.3353161,19.492,2015
29026,-0.8937449,12.9088,2015
29027,-0.5706029,32.5853,2015
29028,-0.6470754,19.7867,2015
29029,-1.04634,19.1666,2015
29030,-0.1518414,11.0945,2015
29031,-0.924169,13.7246,2015
29032,-0.9057542,15.6031,2015
29033,-1.351967,17.8641,2015
29034,-0.4856277,9.8528,2015
29035,-0.7502078,8.5915,2015
29036,-1.230636,17.9518,2015
29037,0.0485604,9.5254,2015
29038,-0.9461511,13.3504,2015
29039,-0.8505592,11.6085,2015
29040,-0.7553888,15.1515,2015
29041,-0.7925282,23.5871,2015
29042,-1.075395,17.8663,2015
29043,-1.166656,14.7117,2015
29044,-0.9725192,18.9195,2015
29045,-0.7115768,4.6539,2015
29046,-0.268962,7.9149,2015
29047,-0.7352704,10.3448,2015
29048,-0.6917271,12.5099,2015
29049,-1.0597,20.1113,2015
29050,-0.5729381,21.8882,2015
29051,-0.945538,19.2195,2015
29052,-0.4793934,12.5106,2015
29053,-0.879918,25.1498,2015
29054,-1.020713,13.7593,2015
29055,-0.7632769,17.5663,2015
29056,-0.7760051,25.6786,2015
29057,-0.8774394,22.6146,2015
29058,-0.7328953,18.3396,2015
29059,-0.7340128,23.5179,2015
29060,-0.6788484,18.9303,2015
30001,-0.031985,19.458,2015
30002,-0.1195581,13.632,2015
30003,-0.4127792,27.9201,2015
30004,-0.5874861,20.319,2015
30005,-0.0018127,6.9907,2015
30006,0.7098389,28.3774,2015
30007,0.0978255,13.8967,2015
30008,1.014791,27.8928,2015
30009,-0.3701369,17.9206,2015
30010,0.3936768,19.1051,2015
30011,-0.6553874,12.8403,2015
30012,-0.2238992,9.7283,2015
30013,-0.8465008,21.0037,2015
30014,-0.4909861,19.7623,2015
30015,-0.0624189,19.8607,2015
30016,-1.086433,21.1033,2015
30017,-0.6210755,19.8054,2015
30018,1.479461,15.6445,2015
30019,2.11914,3.7649,2015
30020,2.173841,5.9727,2015
30021,-0.2404596,14.1823,2015
30022,0.5463825,17.2846,2015
30023,0.5012905,19.5565,2015
30024,0.2311203,12.3593,2015
30025,1.180866,9.946,2015
30026,-1.020526,26.7626,2015
30027,1.39245,9.3881,2015
30028,-1.374537,26.908,2015
30029,1.429638,16.9619,2015
30030,-0.3169092,28.2665,2015
30031,0.4206098,23.4467,2015
30032,0.0753168,15.2162,2015
30033,0.3809203,21.8289,2015
30034,-1.072403,18.9838,2015
30035,0.328871,29.1684,2015
30036,0.0841477,20.6449,2015
30037,0.926074,16.0752,2015
30038,-0.9021208,21.8123,2015
30039,-1.183359,16.735,2015
30040,-0.8061753,25.9697,2015
30041,0.856641,9.1234,2015
30042,0.2431805,17.2438,2015
30043,0.7598069,18.9184,2015
30044,-0.9193189,26.8417,2015
30045,-0.5956555,17.0928,2015
30046,0.2658034,6.5859,2015
30047,0.8981397,26.2163,2015
30048,-0.6428254,17.8256,2015
30049,-0.2547117,20.1447,2015
30050,1.300111,20.228,2015
30051,0.7576602,19.8671,2015
30052,-0.3148412,13.0168,2015
30053,-0.484429,18.5505,2015
30054,-0.3278151,11.7176,2015
30055,0.6705743,18.9332,2015
30056,0.879849,14.4225,2015
30057,0.6568473,12.3871,2015
30058,0.7602573,15.6883,2015
30059,-0.3247191,25.0293,2015
30060,0.2161253,29.4009,2015
30061,0.2986669,20.943,2015
30062,0.4702159,31.2767,2015
30063,0.6902275,16.4847,2015
30064,1.456338,9.6134,2015
30065,-0.9149736,28.0254,2015
30066,0.5227793,17.0458,2015
30067,1.476316,9.5661,2015
30068,-0.8744516,24.6977,2015
30069,-0.3484699,20.0516,2015
30070,0.3375524,15.1376,2015
30071,-0.0762532,23.529,2015
30072,0.6927196,18.9285,2015
30073,0.3250475,14.0987,2015
30074,-0.6591426,12.8791,2015
30075,0.1229015,14.2648,2015
30076,2.442247,12.461,2015
30077,-0.2334158,20.2842,2015
30078,0.9439232,9.6755,2015
30079,0.6169552,8.5562,2015
30080,0.3572956,25.9552,2015
30081,-0.0668259,20.6539,2015
30082,-0.5258062,9.6266,2015
30083,1.699257,10.988,2015
30084,0.111321,11.7962,2015
30085,-0.6854824,16.5206,2015
30086,0.5231785,23.2917,2015
30087,-1.215821,26.0462,2015
30088,-0.0164411,14.4227,2015
30089,-0.3606385,22.1568,2015
30090,-0.4665411,24.9538,2015
30091,0.0740299,22.3235,2015
30092,-0.0498459,19.2759,2015
30093,-0.4477237,21.4363,2015
30094,-0.0945785,23.5532,2015
30095,0.1338444,18.5222,2015
30096,0.0194092,6.91,2015
30097,-0.8482677,17.867,2015
30098,1.044639,8.8071,2015
30099,0.2828426,29.2109,2015
30100,-0.5610247,27.8324,2015
30101,-0.0430035,20,2015
30102,-0.6966901,26.6531,2015
30103,1.739941,12.0743,2015
30104,1.061286,9.9584,2015
30105,-0.9209339,23.8579,2015
30106,0.0733932,7.4066,2015
30107,1.070125,6.8151,2015
30108,-0.6848453,16.258,2015
30109,-0.4048789,19.496,2015
30110,3.575617,10.3297,2015
30111,-0.2817211,12.4314,2015
30112,-0.4523891,13.3938,2015
30113,0.3625119,19.5218,2015
30114,-0.3491767,21.0933,2015
30115,-0.609552,21.4018,2015
30116,-0.1555136,21.1909,2015
30117,0.1802692,19.4713,2015
30118,-1.272916,19.8143,2015
30119,-0.3711618,27.9327,2015
30120,0.1139251,17.4763,2015
30121,0.3960637,10.5274,2015
30122,0.7282699,18.8044,2015
30123,-0.4137845,13.1488,2015
30124,0.4525047,31.6437,2015
30125,-0.1608838,18.1781,2015
30126,-0.7733402,26.5303,2015
30127,1.66574,22.1168,2015
30128,-0.4282478,23.9797,2015
30129,0.4097164,10.5263,2015
30130,0.0523701,19.2399,2015
30131,-1.120399,24.7313,2015
30132,0.1408073,19.1229,2015
30133,-0.542496,19.7048,2015
30134,-0.7618427,19.2171,2015
30135,0.2839523,26.0903,2015
30136,-0.6285349,25.4586,2015
30137,2.150281,14.1852,2015
30138,-1.189695,23.2881,2015
30139,-0.2735188,12.3963,2015
30140,0.7698021,13.6939,2015
30141,0.2741329,18.3118,2015
30142,0.0197803,24.118,2015
30143,0.359995,20.1963,2015
30144,0.0902726,33.6787,2015
30145,-0.4764322,30.6362,2015
30146,-0.0691328,15.919,2015
30147,2.193426,17.0558,2015
30148,-0.4342387,24.1664,2015
30149,1.547648,7.1171,2015
30150,0.2062711,21.2596,2015
30151,0.4062431,16.3408,2015
30152,0.1270556,16.8831,2015
30153,-0.0652108,18.2666,2015
30154,0.3779148,16.2597,2015
30155,1.475829,11.5667,2015
30156,0.7519923,15.3633,2015
30157,0.2312495,17.7621,2015
30158,0.0471297,19.2877,2015
30159,3.719039,4.8477,2015
30160,-0.0001762,19.3784,2015
30161,0.6367685,9.5246,2015
30162,0.5496109,12.3109,2015
30163,0.2379168,10.7342,2015
30164,-0.2656892,10.807,2015
30165,1.494789,12.5104,2015
30166,0.2535479,8.9367,2015
30167,0.1821949,20.0733,2015
30168,2.17269,11.8724,2015
30169,0.0033241,10.243,2015
30170,2.382201,14.0754,2015
30171,1.499122,19.7956,2015
30172,0.3020462,22.2148,2015
30173,0.925208,12.4342,2015
30174,-0.6004705,21.6604,2015
30175,0.056089,28.6969,2015
30176,-0.162423,15.2231,2015
30177,0.2213438,15.6592,2015
30178,-0.2078025,10.7294,2015
30179,-0.1307272,22.9063,2015
30180,1.724168,5.2279,2015
30181,-0.1720383,12.4468,2015
30182,-0.4968459,26.0807,2015
30183,-0.1357054,25.1621,2015
30184,2.065297,3.9824,2015
30185,0.1990921,17.7254,2015
30186,-0.4801083,27.5586,2015
30187,0.3851236,12.4162,2015
30188,0.1979397,20.5876,2015
30189,-0.9009777,23.4859,2015
30190,-0.2739093,3.5698,2015
30191,-1.064887,15.1602,2015
30192,-0.4638972,21.9038,2015
30193,-1.305537,25.0861,2015
30194,0.0649312,12.3044,2015
30195,1.971432,4.5905,2015
30196,-0.5455306,23.1504,2015
30197,0.1313189,15.6756,2015
30198,1.59595,15.1376,2015
30199,0.0041316,16.1177,2015
30200,-0.061592,18.4056,2015
30201,1.855444,26.1699,2015
30202,2.421904,10.0068,2015
30203,1.931766,22.9925,2015
30204,-0.7545646,15.0236,2015
30205,-0.5532176,9.7187,2015
30206,-1.093145,9.6375,2015
30207,-0.33165,21.7218,2015
30208,-0.597544,8.9436,2015
30209,0.7740462,9.5107,2015
30210,0.3151835,13.763,2015
30211,-0.5852118,24.7039,2015
30212,0.8957967,25.8312,2015
31001,0.256544,11.5503,2015
31002,-0.4509613,14.3176,2015
31003,0.0049944,15.32,2015
31004,-0.7798217,12.6484,2015
31005,-0.4900162,6.7093,2015
31006,-0.2954152,13.3003,2015
31007,-0.4721666,15.4485,2015
31008,0.0616304,5.2856,2015
31009,-0.4144873,11.3756,2015
31010,0.8287953,6.1135,2015
31011,-0.3384331,11.6641,2015
31012,-0.2187329,8.6464,2015
31013,-1.129086,12.5931,2015
31014,-0.1913754,4.6438,2015
31015,0.130707,13.5495,2015
31016,0.313227,1.5589,2015
31017,0.729772,5.5204,2015
31018,0.1304165,2.9179,2015
31019,1.274039,5.3008,2015
31020,-0.7983779,18.1737,2015
31021,0.4888823,6.0327,2015
31022,0.7369179,3.5286,2015
31023,-0.6590204,12.7905,2015
31024,0.214853,6.6505,2015
31025,-0.5720026,5.3575,2015
31026,-0.784106,12.3157,2015
31027,-0.8052816,7.2285,2015
31028,-0.6427386,16.9825,2015
31029,-0.3685814,6.683,2015
31030,0.4144872,7.3222,2015
31031,0.0617345,2.3381,2015
31032,0.6115946,5.3948,2015
31033,-0.0039476,11.2296,2015
31034,0.2810503,8.2115,2015
31035,0.1189812,18.0556,2015
31036,0.0553803,21.5776,2015
31037,0.1089428,7.9149,2015
31038,-0.4264957,18.2387,2015
31039,-0.7013884,11.4412,2015
31040,-0.4199984,9.7198,2015
31041,-0.9762219,15.9588,2015
31042,0.0433118,7.7543,2015
31043,0.1236954,12.5681,2015
31044,-0.0219904,7.5136,2015
31045,-0.4769128,13.4394,2015
31046,0.0105875,8.7539,2015
31047,-0.1549897,3.7786,2015
31048,0.0257458,11.2162,2015
31049,1.159564,9.8378,2015
31050,-1.358823,16.6606,2015
31051,-0.7819116,11.0317,2015
31052,-0.5501452,17.1482,2015
31053,-0.3743912,14.6832,2015
31054,-0.4688371,4.829,2015
31055,-0.0675595,18.147,2015
31056,-0.176081,13.7716,2015
31057,-0.2252609,6.096,2015
31058,0.0961481,6.3173,2015
31059,-1.100397,11.4238,2015
31060,-0.1468041,22.5338,2015
31061,-0.7126804,5.5968,2015
31062,-0.1979405,8.8193,2015
31063,-0.4769726,3.5944,2015
31064,-0.3079737,3.4565,2015
31065,-0.7614385,3.5476,2015
31066,0.0242841,4.4972,2015
31067,-0.1989805,17.2357,2015
31068,-0.5956785,6.0881,2015
31069,0.2751994,9.9978,2015
31070,-0.2935544,5.9214,2015
31071,-0.3016464,3.5673,2015
31072,-0.7864401,16.5721,2015
31073,0.705902,3.1696,2015
31074,-0.2712171,8.9261,2015
31075,0.5380352,7.3119,2015
31076,0.1166549,9.728,2015
31077,0.0212745,15.0229,2015
31078,-0.1966157,15.2668,2015
31079,-0.3049937,7.8982,2015
31080,5.28E-05,9.783,2015
31081,0.1629267,7.3072,2015
31082,-0.7428817,16.2257,2015
31083,-0.8875239,12.0922,2015
31084,0.0277833,10.7906,2015
31085,0.4511445,6.1859,2015
31086,0.208408,7.8725,2015
31087,0.1306307,8.8212,2015
31088,-0.2802728,3.0271,2015
31089,-0.5682742,9.7259,2015
31090,0.1454569,12.5645,2015
31091,-0.1258828,10.1825,2015
31092,1.074537,7.2656,2015
31093,-0.9026203,17.0911,2015
31094,0.4154826,4.9242,2015
31095,-0.5829682,12.0769,2015
31096,0.0467827,9.826,2015
31097,0.1930397,8.4043,2015
31098,0.0030291,6.9602,2015
31099,0.5070411,3.7722,2015
31100,-0.4657095,11.7599,2015
31101,-0.7967424,12.327,2015
31102,-0.2157925,10.6807,2015
31103,-0.0066942,16.8868,2015
31104,0.741914,6.9723,2015
31105,-0.826916,13.3162,2015
31106,-0.5259581,4.4903,2015
32001,-0.8235564,11.2225,2015
32002,-0.5942669,12.0937,2015
32003,-0.6968094,12.6494,2015
32004,-0.8228394,23.183,2015
32005,-1.109203,13.0785,2015
32006,-0.8293754,13.547,2015
32007,-1.079222,9.4252,2015
32008,-0.6672473,16.942,2015
32009,-0.9532855,22.9152,2015
32010,-1.053604,13.9107,2015
32011,-0.9761956,19.5909,2015
32012,-0.3155757,11.2767,2015
32013,-1.019204,14.4506,2015
32014,-0.7363246,11.2935,2015
32015,-0.5333941,15.8621,2015
32016,-0.7168597,11.2711,2015
32017,-1.386002,10.5764,2015
32018,-0.909379,12.6347,2015
32019,-1.03286,12.0948,2015
32020,-1.098469,17.1213,2015
32021,0.15849,22.924,2015
32022,-0.9840584,10.3825,2015
32023,-1.10346,10.0816,2015
32024,-1.014051,10.8812,2015
32025,-1.00834,13.4517,2015
32026,-0.236846,15.3406,2015
32027,-0.5301822,10.211,2015
32028,-0.5321689,9.9436,2015
32029,-0.7748697,16.922,2015
32030,-0.965304,12.396,2015
32031,-0.7852293,18.2714,2015
32032,-1.277229,9.6001,2015
32033,-0.9815679,11.1477,2015
32034,-0.9843872,17.3622,2015
32035,-0.7954049,10.9582,2015
32036,-0.7698415,12.7372,2015
32037,-0.6711519,9.9677,2015
32038,-0.310203,9.5898,2015
32039,-0.9845794,13.2545,2015
32040,-0.6729432,7.9899,2015
32041,-0.256434,23.0957,2015
32042,-0.9091218,16.2382,2015
32043,-0.7352081,29.7968,2015
32044,-0.8695209,7.8468,2015
32045,-0.7369751,12.8176,2015
32046,-0.7898768,16.0939,2015
32047,-1.013354,15.0428,2015
32048,-0.9623004,11.5819,2015
32049,-0.5665211,10.7618,2015
32050,-1.022961,8.9322,2015
32051,-0.7008237,9.5342,2015
32052,-0.9161971,14.7773,2015
32053,-0.8288803,11.4284,2015
32054,-0.5973628,8.8384,2015
32055,-0.903369,13.5516,2015
32056,-1.446286,14.0968,2015
32057,-0.8012,9.0609,2015
32058,-0.7882341,20.5196,2015
